,情報ソース,企業名,ヘッドライン,URL,スニペット,日付,詳細
0,日本経済新聞,シャープ,シャープが新スマホ「AQUOS R9 Pro」 ライカ監修カメラ搭載 ...,https://www.nikkei.com/article/DGXZQOUC289R80Y4A021C2000000/,6 days ago ... シャープは29日、独の高級カメラメーカー、ライカが監修したカメラを搭載したスマートフォンを12月上旬以降に発売すると発表した。3つのレンズを搭載 ...,2024-10-29 16:47:11+09:00,シャープは29日、独の高級カメラメーカー、ライカが監修したカメラを搭載したスマートフォンを12月上旬以降に発売すると発表した。3つのレンズを搭載し、写真撮影にこだわりのある層の取り込みを狙う。シャープの旗艦モデル「AQUOS(アクオス) R9 pro」として発売する。価格は19万円台前半を想定する。3つのレンズで標準と広角、望遠の撮影に対応する。いずれのレンズも画素数は50
1,日本経済新聞,シャープ,シャープは｢ワオ｣なEV作れるか 特許出願10年で4分の1 坂本佳乃子 ...,https://www.nikkei.com/article/DGXZQOUF076TL0X01C24A0000000/,"Oct 17, 2024 ... シャープは電気自動車（EV）事業への参入を表明した。親会社である台湾の鴻海（ホンハイ）精密工業と組み、数年内の開発を目指す。近年のシャープは ...",2024-10-18 04:00:00+09:00,シャープは電気自動車（EV）事業への参入を表明した。親会社である台湾の鴻海（ホンハイ）精密工業と組み、数年内の開発を目指す。近年のシャープはコスト削減の一環で研究開発費を絞り、特許出願数は10年間で4分の1に減った。先端技術がみえにくいシャープにEVは作れるか。直近の2年間で計4000億円の赤字を計上し財務基盤が傷むなか、開発資金をどう捻出するかが課題になる。「従来の自動車会社の考え方や開発方
2,日本経済新聞,シャープ,シャープ、デジタルフルカラー複合機＜BP-C131WD＞を発売 - 日本 ...,https://www.nikkei.com/article/DGXZRSP680238_W4A011C2000000/,"Oct 15, 2024 ... 【プレスリリース】発表日:2024年10月16日クラス最小（※1）の設置面積で限られたスペースにもすっきり置ける環境にも配慮したA4コンパクトモデル ...",2024-10-16 17:07:22+09:00,【プレスリリース】発表日:2024年10月16日クラス最小（※1）の設置面積で限られたスペースにもすっきり置ける環境にも配慮したA4コンパクトモデルデジタルフルカラー複合機＜BP-C131WD＞を発売＊参考画像は添付の関連資料を参照シャープは、クラス最小の設置面積で、環境にも配慮したA4カラー複合機を発売します。本機は、徹底した小型化設計により、当社従来機（※2）から体積を約27
3,日本経済新聞,シャープ,シャープ、「ヘルシオ ホットクックカスタマイズサービス『新日本 ...,https://www.nikkei.com/article/DGXZRSP680009_R11C24A0000000/,"Oct 10, 2024 ... シャープ、「ヘルシオ ホットクックカスタマイズサービス『新日本プロレス』Ver.」の受注販売を期間限定で実施. 企業：シャープ. 産業：. 電機. 2024年10 ...",2024-10-11 12:29:10+09:00,【プレスリリース】発表日:2024年10月11日「ヘルシオ ホットクックカスタマイズサービス『新日本プロレス』Ver.」の受注販売を開始『新日本プロレス』とシャープによる異色のタッグが実現！シャープは、『新日本プロレス』とのコラボレーションによる「ヘルシオ ホットクックカスタマイズサービス『新日本プロレス』Ver.」の受注販売を、本日10月11日（金）から来年1月31日（金）までの期間限
4,日本経済新聞,シャープ,シャープ、半導体レーザーで害虫駆除 応用先を探索中 - 日本経済新聞,https://www.nikkei.com/article/DGXZQOUC202BR0Q4A920C2000000/,"Oct 1, 2024 ... シャープは2024年9月17〜18日に開催した自社技術の展示イベント「SHARP Tech-Day'24」（東京国際フォーラム）で、青色半導体レーザーを使った害虫駆除 ...",2024-10-02 05:00:00+09:00,シャープは2024年9月17〜18日に開催した自社技術の展示イベント「SHARP Tech-Day&#x27;24」（東京国際フォーラム）で、青色半導体レーザーを使った害虫駆除システムのデモを披露した。スクリーンに映されたガの映像をカメラで認識、パソコンで位置を予測し、光学スキャナーでレーザーの照射角を制御する。デモでは、2メートル以内の距離から動き回るガの映像を追尾してレーザーを的確に照射できる様子を見
5,日本経済新聞,シャープ,シャープ、政策株282億円売却 - 日本経済新聞,https://www.nikkei.com/article/DGKKZO83712420W4A920C2DTA000/,"Sep 26, 2024 ... シャープは26日、投資有価証券の売却益282億円を2025年3月期の特別利益に計上すると発表した。25日までに上場株5銘柄を売却した。銘柄名は非公表。",2024-09-27 02:00:00+09:00,シャープは26日、投資有価証券の売却益282億円を2025年3月期の特別利益に計上すると発表した。25日までに上場株5銘柄を売却した。銘柄名は非公表。液晶パネル事業の不振により業績が悪化するなか、政策保有株を売却し財務体質を強化する。売却益282億円のうち、101億円は24年4～6月期に計上した。残る181億円は7～9月期に計上する見通し。24年3月期の有価証券報告書によると
6,日本経済新聞,シャープ,シャープ、55万円の空気清浄機 隈研吾氏がデザイン - 日本経済新聞,https://www.nikkei.com/article/DGXZQOUF2630H0W4A920C2000000/,"Sep 25, 2024 ... シャープは26日、建築家の隈研吾氏がデザインした空気清浄機を10月21日に発売すると発表した。空間に溶け込みやすいよう、外装には本物の木材を使用 ...",2024-09-26 13:35:59+09:00,シャープは26日、建築家の隈研吾氏がデザインした空気清浄機を10月21日に発売すると発表した。空間に溶け込みやすいよう、外装には本物の木材を使用した。希望小売価格は55万円で月産最大100台を見込む。ホテルや教育施設など法人向けを中心に提供し、個人にも電子商取引（EC）サイトを通じて販売する。新製品は側面に4種類の無垢（むく）材を格子状に並べた。天面に薄さ0.6ミリメートルの木の板を6枚異なる
7,日本経済新聞,シャープ,シャープ特別利益282億円 25年3月期、政策株売却で - 日本経済新聞,https://www.nikkei.com/article/DGXZQOUF268UF0W4A920C2000000/,"Sep 25, 2024 ... シャープは26日、投資有価証券の売却益282億円を2025年3月期の特別利益に計上すると発表した。25日までに上場株5銘柄を売却した。銘柄名は非公表。",2024-09-26 18:50:00+09:00,シャープは26日、投資有価証券の売却益282億円を2025年3月期の特別利益に計上すると発表した。25日までに上場株5銘柄を売却した。銘柄名は非公表。液晶パネル事業の不振により業績が悪化するなか、政策保有株を売却し財務体質を強化する。売却益282億円のうち、101億円は24年4〜6月期に計上した。残る181億円は7〜9月期に計上する見通し。24年3月期の有価証券報告書によると、シャープは
8,日本経済新聞,シャープ,トンボ鉛筆、マークシートテストに適したシャープペンシル「モノ ...,https://www.nikkei.com/article/DGXZRSP678606_Y4A910C2000000/,"Sep 17, 2024 ... 【プレスリリース】発表日:2024年09月18日速く濃くマークできる1.3mm芯「読取精度99.99%」の評価マークシートテストに適したシャープペンシル「モノ ...",2024-09-18 15:50:50+09:00,【プレスリリース】発表日:2024年09月18日速く濃くマークできる1.3mm芯「読取精度99.99%」の評価マークシートテストに適したシャープペンシル「モノワーク」発売株式会社トンボ鉛筆（本社・東京都北区、社長・小川晃弘）は、マークシートテストで、速く濃くマークできるシャープペンシル「モノワーク」（希望小売価格594円/税抜540円）、「モノワーク 限定色フルブラック」、（同価格79
9,日本経済新聞,シャープ,シャープ、EVで鴻海と関係再構築 部品も参入検討 模型車「リビング ...,https://www.nikkei.com/article/DGKKZO83518980X10C24A9TB3000/,"Sep 17, 2024 ... シャープは17日、自社の技術展示会を都内で開き、電気自動車（EV）のコンセプトカーを発表した。親会社である台湾の鴻海（ホンハイ）精密工業と組み、 ...",2024-09-18 02:00:00+09:00,シャープは17日、自社の技術展示会を都内で開き、電気自動車（EV）のコンセプトカーを発表した。親会社である台湾の鴻海（ホンハイ）精密工業と組み、停車時に仕事をしたり映画を見たりできる「リビングの拡張空間」を提案した。シャープと鴻海は液晶事業では相乗効果を出せなかった。EVに舞台を移し、成長に寄与する新しい提携関係を築く。コンセプトカーの名称は「LDK＋」。記者がミニバンタイプの車体に乗ると、ま
10,日本経済新聞,コニカミノルタ,コニカミノルタジャパン、空間デザインサービスの新ブランド ...,https://www.nikkei.com/article/DGXZRSP681172_R31C24A0000000/,4 days ago ... 【プレスリリース】発表日:2024年10月31日コニカミノルタジャパンより空間デザインサービスの新ブランド「Miraisia(TM)」を発表コニカミノルタ ...,2024-10-31 13:31:28+09:00,【プレスリリース】発表日:2024年10月31日コニカミノルタジャパンより空間デザインサービスの新ブランド「Miraisia(TM)」を発表コニカミノルタジャパン株式会社（本社 : 東京都港区、代表取締役社長 : 一條 啓介、以下コニカミノルタジャパン）は、オフィス、商業施設の空間デザインを手掛ける事業において、多様なライフスタイルで働き続けられる未来を目指す新ブランド『Miraisia（
11,日本経済新聞,コニカミノルタ,コニカミノルタ、経腟用超音波診断装置「SONOVISTA LX」を発売 ...,https://www.nikkei.com/article/DGXZRSP680992_Z21C24A0000000/,7 days ago ... 【プレスリリース】発表日:2024年10月29日高画質を追求した経腟用超音波診断装置の新機種「SONOVISTA LX」を発売〜産婦人科での的確な診断と患者さん ...,2024-10-29 12:31:22+09:00,【プレスリリース】発表日:2024年10月29日高画質を追求した経腟用超音波診断装置の新機種「SONOVISTA LX」を発売〜産婦人科での的確な診断と患者さんの負担軽減に貢献〜コニカミノルタ株式会社（本社 : 東京都千代田区、社長 : 大幸 利充、以下コニカミノルタ）は、経腟用超音波診断装置「SONOVISTA(ソノビスタ)LX」を11月1日（金）に発売予定です。「SONOVIST
12,日本経済新聞,コニカミノルタ,コニカミノルタ、肺疾患の検出AI改良 「誤判定」を低減 - 日本経済 ...,https://www.nikkei.com/article/DGXZQOUC252KM0V21C24A0000000/,"Oct 24, 2024 ... コニカミノルタは25日、X線画像から肺の病気の疑いを検出する人工知能（AI）の精度が向上したと発表した。実際は正常にもかかわらず誤って疑いを指摘 ...",2024-10-25 12:31:25+09:00,コニカミノルタは25日、X線画像から肺の病気の疑いを検出する人工知能（AI）の精度が向上したと発表した。実際は正常にもかかわらず誤って疑いを指摘する「偽陽性率」を従来の3割から1割に抑えた。診断の効率化につなげ、医師の負担を減らす。2021年から発売する画像診断支援AI「CXR Finding-i」の精度を高めた。国内外で取得した数
13,日本経済新聞,コニカミノルタ,コニカミノルタ、胸部X線画像診断支援AI「CXR Finding-i」の検出 ...,https://www.nikkei.com/article/DGXZRSP680823_V21C24A0000000/,"Oct 24, 2024 ... 【プレスリリース】発表日:2024年10月25日胸部X線画像診断支援AI「CXR Finding-i」の検出精度改良を達成〜特異度の向上により診断の効率化に寄与〜 ...",2024-10-25 11:41:16+09:00,【プレスリリース】発表日:2024年10月25日胸部X線画像診断支援AI「CXR Finding-i」の検出精度改良を達成〜特異度の向上により診断の効率化に寄与〜コニカミノルタ株式会社（本社 : 東京都千代田区、社長 : 大幸 利充、以下 コニカミノルタ）は、胸部X線画像をAIで解析し、結節影、腫瘤影や浸潤影の見落とし防止を支援する胸部X線画像診断支援AI「CXR Finding-i」に
14,日本経済新聞,コニカミノルタ,（短信）エフィッシモ、5%超コニカミノルタ株取得 - 日本経済新聞,https://www.nikkei.com/article/DGKKZO84286720S4A021C2DTB000/,"Oct 22, 2024 ... 旧村上ファンド出身者が設立した投資ファンド、エフィッシモ・キャピタル・マネージメントがコニカミノルタ株の5.81%を取得したことが22日、分かった ...",2024-10-23 02:00:00+09:00,旧村上ファンド出身者が設立した投資ファンド、エフィッシモ・キャピタル・マネージメントがコニカミノルタ株の5.81%を取得したことが22日、分かった。エフィッシモが関東財務局に提出した大量保有報告書で明らかに
15,日本経済新聞,コニカミノルタ,エフィッシモ、コニカミノルタ株5%超取得 純投資目的 - 日本経済新聞,https://www.nikkei.com/article/DGXZQOUC228510S4A021C2000000/,"Oct 21, 2024 ... 旧村上ファンド出身者が設立した投資ファンド、エフィッシモ・キャピタル・マネージメントがコニカミノルタ株の5.81%を取得したことが22日、分かった ...",2024-10-22 20:44:28+09:00,旧村上ファンド出身者が設立した投資ファンド、エフィッシモ・キャピタル・マネージメントがコニカミノルタ株の5.81%を取得したことが22日、分かった。エフィッシモが関東財務局に提出した大量保有報告書で明らかにな
16,日本経済新聞,コニカミノルタ,コニカミノルタ、超音波診断装置の新機種 AIで神経検出 - 日本経済 ...,https://www.nikkei.com/article/DGXZQOUC2165B0R21C24A0000000/,"Oct 20, 2024 ... コニカミノルタは21日、人工知能（AI）を搭載した超音波診断装置の新機種を11月1日に発売すると発表した。AIが神経の位置を色分けして画面に表示する ...",2024-10-21 17:15:05+09:00,コニカミノルタは21日、人工知能（AI）を搭載した超音波診断装置の新機種を11月1日に発売すると発表した。AIが神経の位置を色分けして画面に表示することで、医師が体に針を刺す際などに把握しやすくなる。診療の精度向上につなげる。超音波診断装置の新機種「SONIMAGE（ソニマージュ） UX1」、整形
17,日本経済新聞,コニカミノルタ,コニカミノルタ、画像の高精細化を実現した超音波診断装置 ...,https://www.nikkei.com/article/DGXZRSP680453_R21C24A0000000/,"Oct 20, 2024 ... 【プレスリリース】発表日:2024年10月21日画像の高精細化を実現した超音波診断装置「SONIMAGE UX1」「SONIMAGE UX1 TRiFOR」を発売〜神経強調機能も ...",2024-10-21 12:01:21+09:00,【プレスリリース】発表日:2024年10月21日画像の高精細化を実現した超音波診断装置「SONIMAGE UX1」「SONIMAGE UX1 TRiFOR」を発売〜神経強調機能も搭載して診断価値のさらなる向上に貢献〜＊参考画像（1）は添付の関連資料を参照コニカミノルタ株式会社（本社 : 東京都千代田区、社長 : 大幸 利充、以下コニカミノルタ）は、超音波診断装置「SONIMAGE(
18,日本経済新聞,コニカミノルタ,人事、コニカミノルタジャパン - 日本経済新聞,https://www.nikkei.com/article/DGXZTSJF70101_W4A011C2000000/,"Oct 15, 2024 ... （10月16日）ヘルスケアカンパニー海外営業、山田幸司. アプリで開く. すべての記事が読み放題有料会員が初回1カ月無料.",2024-10-16 14:33:38+09:00,（10月16日）ヘルスケア
19,日本経済新聞,コニカミノルタ,コニカミノルタ、複合機用に開発した再生プラスチックがサトーの ...,https://www.nikkei.com/article/DGXZRSP678960_V20C24A9000000/,"Sep 24, 2024 ... 【プレスリリース】発表日:2024年09月25日コニカミノルタ開発の再生プラスチックを社外商品に展開〜サトーの主力ラベルプリンターに〜コニカミノルタ ...",2024-09-25 13:58:51+09:00,【プレスリリース】発表日:2024年09月25日コニカミノルタ開発の再生プラスチックを社外商品に展開〜サトーの主力ラベルプリンターに〜コニカミノルタ株式会社（本社 : 東京都千代田区、社長 : 大幸 利充、以下コニカミノルタ）は、循環型社会に貢献する再生プラスチックの活用に積極的に取り組んでいます。この度、コニカミノルタが複合機用に開発した再生プラスチックが、サトー株式会社（以下サトー）
20,日本経済新聞,リコー,リコーITソリューションズ、観光事業者向けデジタルガイド作成 ...,https://www.nikkei.com/article/DGXZRSP681287_R01C24A1000000/,3 days ago ... ... リコーITソリューションズ株式会社（社長執行役員 : 野水 泰之）は、「デジタルガイドデッキ ARGS（アーグス）」を2024年11月1日に発売します。本商品 ...,2024-11-01 14:51:19+09:00,【プレスリリース】発表日:2024年11月01日観光事業者向けデジタルガイド作成・配信サービス「デジタルガイドデッキ ARGS（アーグス）」発売〜地域の魅力を簡単に素早く多言語ガイドに〜リコーITソリューションズ株式会社（社長執行役員 : 野水 泰之）は、「デジタルガイドデッキ ARGS（アーグス）」を2024年11月1日に発売します。本商品は、観光客へ価値ある情報を提供したい観光事業者
21,日本経済新聞,リコー,リコーITソリューションズ、スマホ観光サイトを簡単作成 AIで多 ...,https://www.nikkei.com/article/DGXZQOUC0173X0R01C24A1000000/,3 days ago ... リコーのIT（情報技術）子会社リコーITソリューションズ（横浜市）は1日、スマートフォン向けの観光ガイドサイトを作成できるサービスを始めたと発表した ...,2024-11-01 16:57:40+09:00,リコーのIT（情報技術）子会社リコーITソリューションズ（横浜市）は1日、スマートフォン向けの観光ガイドサイトを作成できるサービスを始めたと発表した。人工知能（AI）を活用し、クラウド上で多言語対応で音声も活用したガイド画面を手軽に作成できる。訪日外国人（インバウンド）の急増する中、観光関連事業者や自治体の業務負担の軽減につなげる。サービス名は「デジタル
22,日本経済新聞,リコー,人事、リコー - 日本経済新聞,https://www.nikkei.com/article/DGXZTSJF00301_Z21C24A0000000/,6 days ago ... （11月1日）リコーデジタルサービスBU中国総合戦略（中国総合戦略部副部長）藤本豪▽同BU経営企画本部長（経営戦.,2024-10-29 17:26:23+09:00,（11月1日）リコーデジタルサービスBU中国総合戦略（中国総合戦略部副部長）藤本豪▽同BU経営企画本部長（経営戦
23,日本経済新聞,リコー,リコーとリコージャパン、神奈川県海老名市と持続可能な社会の ...,https://www.nikkei.com/article/DGXZRSP680777_U4A021C2000000/,"Oct 23, 2024 ... 【プレスリリース】発表日:2024年10月24日リコーとリコージャパンが神奈川県海老名市と包括連携に関する協定を締結株式会社リコー（社長執行役員 ...",2024-10-24 16:21:13+09:00,【プレスリリース】発表日:2024年10月24日リコーとリコージャパンが神奈川県海老名市と包括連携に関する協定を締結株式会社リコー（社長執行役員 : 大山 晃）とリコージャパン株式会社（社長執行役員 : 笠井 徹）は、10月24日に神奈川県海老名市（市長 : 内野 優）と包括連携に関する協定を締結しました。神奈川県のほぼ中央に位置する海老名市は、「住みたい 住み続けたいまち 海老名」の
24,日本経済新聞,リコー,リコーイメージング、ハーフサイズフォーマット単焦点フィルム ...,https://www.nikkei.com/article/DGXZRSP680635_T21C24A0000000/,"Oct 22, 2024 ... 【プレスリリース】発表日:2024年10月23日ハーフサイズフォーマット単焦点フィルムコンパクトカメラ「PENTAX 17」受注再開のお知らせ平素は弊社製品を ...",2024-10-23 11:01:16+09:00,【プレスリリース】発表日:2024年10月23日ハーフサイズフォーマット単焦点フィルムコンパクトカメラ「PENTAX 17」受注再開のお知らせ平素は弊社製品をご愛用いただき、誠にありがとうございます。ハーフサイズフォーマット単焦点フィルムコンパクトカメラ「PENTAX 17」につきまして、2024年6月21日より国内における販売店様からのご注文受付を一時停止させていただいておりました
25,日本経済新聞,リコー,リコー、レーザー光源を採用した超短焦点DLPプロジェクター ...,https://www.nikkei.com/article/DGXZRSP680669_T21C24A0000000/,"Oct 22, 2024 ... 【プレスリリース】発表日:2024年10月23日レーザー光源の超短焦点DLP(R)プロジェクター「RICOH PJ UHL3660」を発売株式会社リコー（社長執行役員 ...",2024-10-23 14:19:11+09:00,【プレスリリース】発表日:2024年10月23日レーザー光源の超短焦点DLP(R)プロジェクター「RICOH PJ UHL3660」を発売株式会社リコー（社長執行役員 : 大山 晃）は、レーザー光源を採用した超短焦点DLPプロジェクター「RICOH PJ UHL3660」を2024年10月31日に発売します。■「RICOH PJ UHL3660」の主な特徴●近年ニーズが高まっている1
26,日本経済新聞,リコー,リコー、欧州に産業印刷事業の新会社を設立 - 日本経済新聞,https://www.nikkei.com/article/DGXZRSP680374_Y4A011C2000000/,"Oct 17, 2024 ... ... リコー（社長執行役員 : 大山 晃、リコー）はこのほど、欧州地域における産業印刷事業を担う新会社「Ricoh Printing Solutions Europe Limited ...",2024-10-18 12:07:11+09:00,【プレスリリース】発表日:2024年10月18日リコー、欧州に産業印刷事業の新会社を設立〜欧州地域の産業インクジェット印刷に関わる機能を集約、強化〜株式会社リコー（社長執行役員 : 大山 晃、リコー）はこのほど、欧州地域における産業印刷事業を担う新会社「Ricoh Printing Solutions Europe Limited.」（本社所在地:英国・テルフォード、RPSE）を設立しま
27,日本経済新聞,リコー,リコー、イギリスに産業印刷の新会社 欧州の販売機能集約 - 日本 ...,https://www.nikkei.com/article/DGXZQOUC184QZ0Y4A011C2000000/,"Oct 17, 2024 ... リコーは印刷機の基幹部品「インクジェットヘッド」の欧州販売で攻勢をかける（英国の拠点）. リコーは18日、アパレル向けなどを手掛ける産業印刷事業 ...",2024-10-18 15:04:57+09:00,リコーは18日、アパレル向けなどを手掛ける産業印刷事業の新会社を英国に設立したと発表した。複数の関連会社に分散している欧州の販売やマーケティング機能を集約し、意思決定を早める。英中部のテルフォードに10月1日付で立ち上げた。25年4月から事業を始める。従業員数は百数十人規模になる見通し。リコーは洋服の生地に
28,日本経済新聞,リコー,長野信用金庫、リコージャパンと提携 顧客のDX後押し - 日本経済新聞,https://www.nikkei.com/article/DGXZQOCC151AD0V11C24A0000000/,"Oct 14, 2024 ... 長野信用金庫（長野市）は15日、リコージャパンと業務提携したと発表した。長野信金の顧客ニーズに応じてリコージャパンを紹介し、同社が取り扱う ...",2024-10-15 19:00:00+09:00,長野信用金庫（長野市）は15日、リコージャパンと業務提携したと発表した。長野信金の顧客ニーズに応じてリコージャパンを紹介し、同社が取り扱うクラウドサービスや複合機などの導入を検討してもらう。顧客のデジタルトランスフォーメーション（DX）を推進する本業支援として位置づけ、生産性の向上を後押しする。製品導入に伴う融資の提案にもつながると見込む。長野信金
29,日本経済新聞,リコー,リコーの株価が反発 「物言う株主」さらに買い増し - 日本経済新聞,https://www.nikkei.com/article/DGXZQOFL101AG0Q4A011C2000000/,"Oct 9, 2024 ... 10時20分、プライム、コード7752）リコーが反発している。前日比37円（2.28%）高の1654円を付けた。旧村上ファンド出身者が設立した投資ファンドで、 ...",2024-10-10 11:36:47+09:00,（10時20分、プライム、コード7752）リコーが反発している。前日比37円（2.28%）高の1654円を付けた。旧村上ファンド出身者が設立した投資ファンドで、アクティビスト（物言う株主）として知られるエフィッシモ・キャピタル・マネジメントがリコー株を買い増したことが9日、わかった。保有比率は19.50%と9月時点の18.14%から上昇した。今後、株主還元の強化などを求めてくるとの見方から、個
30,日本経済新聞,富士フイルム,秋の叙勲、喜びの声 富士フイルム元社長の助野健児氏 - 日本経済新聞,https://www.nikkei.com/article/DGXZQOUC2959P0Z21C24A0000000/,2 days ago ... 1977年に京都大学法学部を卒業し、富士写真フイルム（現富士フイルムホールディングス）に入社した。会社の屋台骨だった写真フィルム市場がデジタル ...,2024-11-03 05:00:00+09:00,1977年に京都大学法学部を卒業し、富士写真フイルム（現富士フイルムホールディングス）に入社した。会社の屋台骨だった写真フィルム市場がデジタルカメラの普及で消失するなか、会社の業態転換を最前線で担った。【関連記事】2002年に米国法人の経理責任者として渡米し、現地の現像工場の統廃合計画の策定に関わった。16年に富士フイルム社長に就任した。バイオ医薬品の開発・製造受託（CDMO）の設備投資を推進
31,日本経済新聞,富士フイルム,富士フイルム、最先端半導体材料を販売 AIや5G需要想定 - 日本経済 ...,https://www.nikkei.com/article/DGXZQOUC292I90Z21C24A0000000/,6 days ago ... 富士フイルムは29日、最先端の半導体製造で使われる材料の販売を始めたと発表した。フォトレジスト（感光材料）と現像液で、シリコンウエハー上に微細な ...,2024-10-29 13:49:17+09:00,富士フイルムは29日、最先端の半導体製造で使われる材料の販売を始めたと発表した。フォトレジスト（感光材料）と現像液で、シリコンウエハー上に微細な回路を描く工程で使われる。人工知能（AI）や高速通信規格「5G」向け半導体の需要増を見込む。販売開始に合わせ、日本と韓国の既存工場設備を増強する。生産設備や品質評価のための検査装置を導入し、韓国ではクリーンルームも新たに設置する。生産能力と投資額につい
32,日本経済新聞,富士フイルム,富士フイルムBI、IT関連の売上高7000億円へ AI活用 - 日本経済新聞,https://www.nikkei.com/article/DGXZQOUC171460X11C24A0000000/,"Oct 16, 2024 ... 富士フイルムビジネスイノベーション（BI、旧富士ゼロックス）は17日、IT（情報技術）関連の売上高で2031年3月期に7000億円以上を目指すと発表した。",2024-10-17 18:56:17+09:00,富士フイルムビジネスイノベーション（BI、旧富士ゼロックス）は17日、IT（情報技術）関連の売上高で2031年3月期に7000億円以上を目指すと発表した。生成AI（人工知能）を活用したオフィス業務の効率化などに注力する。持ち株会社の富士フイルムホールディングスが同日開いたデジタルトランスフォーメーション（DX）に関する説明会で明らかにした。複合機で納品書などの文書をスキャンし、仕分けして社内
33,日本経済新聞,富士フイルム,富士フイルム、最軽量ミラーレス「X-M5」 SNS向け縦型動画も ...,https://www.nikkei.com/article/DGXZQOUC117WH0R11C24A0000000/,"Oct 13, 2024 ... 富士フイルムは14日、同社として最軽量のミラーレスカメラを11月下旬に発売すると発表した。バッテリーとメモリーカードを含む質量は約355グラムと、 ...",2024-10-14 23:00:00+09:00,富士フイルムは14日、同社として最軽量のミラーレスカメラを11月下旬に発売すると発表した。バッテリーとメモリーカードを含む質量は約355グラムと、従来の最軽量モデルから約80グラム軽くした。SNSに投稿するための縦型動画の撮影機能も備え、手軽に撮影を楽しみたい層を開拓する。製品名は「FUJIFILM X-M5」。同社のミラーレスカメラブランド「Xシリーズ」では最軽量のモデルとなる。26
34,日本経済新聞,富士フイルム,香港、逆風下でも「先駆けの役割」 富士フイルム系など アジア ...,https://www.nikkei.com/article/DGXZQOGM077XY0X01C24A0000000/,"Oct 8, 2024 ... ... 富士フイルムビジネスイノベーション（BI、旧富士ゼロックス）の浜直樹・最高経営責任者（CEO）はこう話す。オフィスでの業務効率を高めるサービ.",2024-10-09 14:00:00+09:00,香港の日系企業が、逆風下で商機を模索している。中国の成長鈍化や社会統制の強化で先行きに懸念が尽きないが、競争力を磨く場として新たな役割を見いだす動きも出ている。「香港は先駆けの役割を担う。最先端のサービスを育て、日本を含めたアジアに展開する」。複合機大手、富士フイルムビジネスイノベーション（BI、旧富士ゼロックス）の浜直樹・最高経営責任者（CEO）はこう話す。オフィスでの業務効率を高めるサービ
35,日本経済新聞,富士フイルム,富士フイルムBI、オセアニアで米社のシステム事業買収 - 日本経済新聞,https://www.nikkei.com/article/DGXZQOUC016Y40R01C24A0000000/,"Sep 30, 2024 ... 富士フイルムビジネスイノベーション（旧富士ゼロックス、BI）は1日、米ITサービス大手のDXCテクノロジーからオセアニア地域の中小企業向け基幹システム ...",2024-10-01 18:02:50+09:00,富士フイルムビジネスイノベーション（旧富士ゼロックス、BI）は1日、米ITサービス大手のDXCテクノロジーからオセアニア地域の中小企業向け基幹システム事業を買収したと発表した。買収額は非開示。顧客基盤を取り込み、IT支援事業をさらに成長させる。オセアニア地域で基幹システムの販売や導入支援を手がける関係会社を通じて買収した。DXC社がオーストラリ
36,日本経済新聞,富士フイルム,富士フイルム、株価大幅反落 「半導体材料の新工場」も - 日本経済 ...,https://www.nikkei.com/article/DGXZQOFL300L10Q4A930C2000000/,"Sep 29, 2024 ... 9時45分、プライム、コード4901）富士フイルムが大幅に反落している。前週末比216円（5.60%）安の3640円を付けた。30日付の日本経済新聞朝刊が「富士 ...",2024-09-30 10:31:52+09:00,（9時45分、プライム、コード4901）富士フイルムが大幅に反落している。前週末比216円（5.60%）安の3640円を付けた。30日付の日本経済新聞朝刊が「富士フイルムは次世代の半導体材料の開発・生産拠点を国内に設ける」と報じた。ただ、日経平均株価の下げ幅が一時1800円を超えるなか、収益貢献に期待した買いよりも相場全体の下落に押された売りが優勢となっている。約130億円を投じて静岡県の拠
37,日本経済新聞,富士フイルム,富士フイルム、先端半導体素材を国内生産 「1ナノ」向け新工場棟 ...,https://www.nikkei.com/article/DGKKZO83771780Q4A930C2MM8000/,"Sep 29, 2024 ... 富士フイルムは次世代の半導体材料（総合・経済面きょうのことば）の開発・生産拠点を国内に設ける。静岡県の拠点に約130億円を投じて新棟を建設し、回 ...",2024-09-30 02:00:00+09:00,富士フイルムは次世代の半導体材料（総合・経済面きょうのことば）の開発・生産拠点を国内に設ける。静岡県の拠点に約130億円を投じて新棟を建設し、回路線幅が1ナノ（ナノは10億分の1）メートル台の半導体向け材料を供給する。半導体が経済安全保障の重要物資となるなか、日本でも素材を含めたサプライチェーン（供給網）の再構築の動きが本格化してきた。静岡工場（静岡県吉田町）で2025年秋に新棟を稼働し、半
38,日本経済新聞,富士フイルム,富士フイルム、半導体材料で新工場棟 国内200億円投資 - 日本経済新聞,https://www.nikkei.com/article/DGXZQOUC3021E0Q4A930C2000000/,"Sep 29, 2024 ... 富士フイルムは30日、国内の2つの半導体材料の製造拠点に計約200億円を投じ、2つの新工場棟をそれぞれ稼働させると発表した。静岡県と大分県の拠点が ...",2024-09-30 12:14:26+09:00,富士フイルムは30日、国内の2つの半導体材料の製造拠点に計約200億円を投じ、2つの新工場棟をそれぞれ稼働させると発表した。静岡県と大分県の拠点が対象になる。生成人工知能（AI）向けなどで半導体需要が高まるなか、成長領域と位置づける材料分野の供給体制を整える。静岡県吉田町の拠点に約130億円を投じて新棟を建設し、25年秋に稼働を始める。半導体に回路パターンを描く工程で使われる感光材料「フォトレ
39,日本経済新聞,富士フイルム,富士フイルム、「1ナノ台」半導体材料向け新工場棟 - 日本経済新聞,https://www.nikkei.com/article/DGXZQOUC2496A0U4A920C2000000/,"Sep 29, 2024 ... 富士フイルムは次世代の半導体材料の開発・生産拠点を国内に設ける。静岡県の拠点に約130億円を投じて新棟を建設し、回路線幅が1ナノ（ナノは10億分 ...",2024-09-30 02:00:00+09:00,富士フイルムは次世代の半導体材料の開発・生産拠点を国内に設ける。静岡県の拠点に約130億円を投じて新棟を建設し、回路線幅が1ナノ（ナノは10億分の1）メートル台の半導体向けの材料を供給する。半導体が経済安全保障の重要物資となるなか、日本でも素材を含めたサプライチェーン（供給網）の再構築の動きが本格化してきた。静岡工場（静岡県吉田町）で2025年秋に新棟を稼働し、半導体に回路を描く工程で使うフォ
40,日本経済新聞,キヤノン,キヤノンメディカルシステムズ、医療画像解析ソフト新製品 AIで ...,https://www.nikkei.com/article/DGXZQOUC318920R31C24A0000000/,4 days ago ... キヤノンの医療機器子会社キヤノンメディカルシステムズは31日、医療画像の解析ソフトウエアの新製品を11月5日に発売すると発表した。,2024-10-31 17:59:50+09:00,キヤノンの医療機器子会社キヤノンメディカルシステムズは31日、医療画像の解析ソフトウエアの新製品を11月5日に発売すると発表した。人工知能（AI）が骨や血管などを自動抽出し、見たい臓器だけを表示する。医師の診断を効率化し、働き方の改善につなげる。医療画像の解析ソフトウエア「Abierto Vision（アビエルト ビジョン）」を発売する。コンピューター断層撮影
41,日本経済新聞,キヤノン,キヤノンMJ、高齢者向けアイス新興に出資 施設に拡販 - 日本経済新聞,https://www.nikkei.com/article/DGXZQOUC296OU0Z21C24A0000000/,6 days ago ... キヤノンマーケティングジャパン（MJ）は29日、高齢者向けの栄養食を手がけるLacuS（ラコス、新潟市）に出資したと発表した。出資額は非公表。,2024-10-29 17:28:08+09:00,キヤノンマーケティングジャパン（MJ）は29日、高齢者向けの栄養食を手がけるLacuS（ラコス、新潟市）に出資したと発表した。出資額は非公表。キヤノンMJはカメラやプリンターの販売以外にも、福祉・介護業界のデジタル化支援を手がけている。取引のある高齢者施設などに栄養価の高いアイスクリームの販路を広げる。ラコスは2022年3月の設立で、高齢者向けに栄養素をバランス良く摂取できる「完全栄養食」アイ
42,日本経済新聞,キヤノン,キヤノン電子 橋元社長 - 日本経済新聞,https://www.nikkei.com/article/DGKKZO84336160U4A021C2TB1000/,"Oct 24, 2024 ... 宇宙ロケットや衛星のサプライチェーン（供給網）の国産化は安全保障の観点から非常に重要だ。国内の部品加工メーカーは小規模な場合もあり、政府補助 ...",2024-10-25 02:00:00+09:00,宇宙ロケットや衛星のサプライチェーン（供給網）の国産化は安全保障の観点から非常に重要だ。国内の部品加工メーカーは小規模な場合もあり、政府補助も必要だ。キヤノン電子は観測衛星を開発し、小型ロ
43,日本経済新聞,キヤノン,キヤノン純利益23%増に下振れ 24年12月期決算、円高想定で - 日本 ...,https://www.nikkei.com/article/DGXZQOUC2263I0S4A021C2000000/,"Oct 23, 2024 ... キヤノンは24日、2024年12月期の連結純利益（米国会計基準）が前期比23%増の3250億円になりそうだと発表した。従来予想から100億円下方修正した。",2024-10-24 19:57:01+09:00,キヤノンは24日、2024年12月期の連結純利益（米国会計基準）が前期比23%増の3250億円になりそうだと発表した。従来予想から100億円下方修正した。想定為替レートを円高方向に見直したのが主因。経費削減の上積みなどで、過去最高だった07年12月期（4883億円）以来17年ぶりとなる高い利益水準は維持する。売上高は9%増の4兆5400億円、営業利益は21%増の4555億円とした。それぞれ60
44,日本経済新聞,キヤノン,キヤノンMJ、配当上積み キヤノン電は1〜9月最終増益 - 日本経済新聞,https://www.nikkei.com/article/DGXZQOUC235T20T21C24A0000000/,"Oct 22, 2024 ... キヤノンマーケティングジャパンは23日、2024年12月期の連結純利益が前期比7%増の390億円になりそうだと発表した。従来計画から15億円上振れする。",2024-10-23 19:26:39+09:00,キヤノンマーケティングジャパンは23日、2024年12月期の連結純利益が前期比7%増の390億円になりそうだと発表した。従来計画から15億円上振れする。CAD（コンピューターによる設計）関連製品を手がける子会社株式の譲渡益などが、利益を押し上げる。年間配当も前年比10円増の130円と、予想から10円上積みする。売上高が7%増の
45,日本経済新聞,キヤノン,ニコンとキヤノン退けEUV露光装置独占 ASMLの立役者 - 日本経済新聞,https://www.nikkei.com/article/DGXZQOUC087BD0Y4A001C2000000/,"Oct 17, 2024 ... 最先端半導体の製造に欠かせない極端紫外線（EUV）露光装置が間もなく日本に上陸する。ラピダス（東京・千代田）が2024年内にも千歳工場（北海道千歳 ...",2024-10-18 05:00:00+09:00,最先端半導体の製造に欠かせない極端紫外線（EUV）露光装置が間もなく日本に上陸する。ラピダス（東京・千代田）が2024年内にも千歳工場（北海道千歳市）に導入し、これが国内第1号となる見通しだ。同装置を世界で唯一製造しているオランダASMLが供給する。ラピダスを皮切りに、EUV露光装置は日本の半導体工場に相次ぎ導入される。米マイクロン・テクノロジーは25年に広島工場（広島県東広島市）に導入し、2
46,日本経済新聞,キヤノン,キヤノン、A3カラーレーザープリンター「Satera LBP812Ci」など ...,https://www.nikkei.com/article/DGXZRSP680300_X11C24A0000000/,"Oct 16, 2024 ... 【プレスリリース】発表日:2024年10月17日メンテナンス部分を手前に引き出す機構を採用した業界初のA3レーザープリンターを発売フルフロントアクセス ...",2024-10-17 14:41:23+09:00,"【プレスリリース】発表日:2024年10月17日メンテナンス部分を手前に引き出す機構を採用した業界初のA3レーザープリンターを発売フルフロントアクセスの実現で設置スペースや印刷に関わる作業負荷を削減キヤノンは、レーザープリンター「Satera」シリーズの新製品として、A3カラーレーザープリンターの""Satera LBP812Ci""など計5機種を、2024年10月25日に発売します。"
47,日本経済新聞,キヤノン,キヤノン、高解像度を実現する新技術を搭載したカラー複合機 ...,https://www.nikkei.com/article/DGXZRSP679771_Y4A001C2000000/,"Oct 7, 2024 ... 【プレスリリース】発表日:2024年10月08日高解像度を実現する新技術を搭載したカラー複合機""imageFORCE C7165F""を発売高品位なチラシやポスターなどの ...",2024-10-08 16:21:29+09:00,"【プレスリリース】発表日:2024年10月08日高解像度を実現する新技術を搭載したカラー複合機""imageFORCE C7165F""を発売高品位なチラシやポスターなどの企業内印刷をオフィス機並みの簡単な操作で実現キヤノンは、複合機の新ブランド""imageFORCE（イメージフォース）""を立ち上げ、カラー複合機""imageFORCE C7165F""を2024年11月中旬に発売します。"
48,日本経済新聞,キヤノン,キヤノンが新型複合機、高画質ポスター印刷を手軽に - 日本経済新聞,https://www.nikkei.com/article/DGXZQOUC085R70Y4A001C2000000/,"Oct 7, 2024 ... キヤノンの「imageFORCE C7165F」は印刷業務を内製化したいと考える小売店などに売り込む. キヤノンは8日、オフィス向けカラー複合機の新製品を11月 ...",2024-10-08 17:04:34+09:00,キヤノンは8日、オフィス向けカラー複合機の新製品を11月中旬に発売すると発表した。光沢のある「コート紙」にも対応するなど従来機種では難しい高品質なチラシやポスターの印刷ができる。外部の専門業者に頼っていた印刷業務を内製化できるとして、小売店など幅広い企業の需要を取り込む。新製品「imageFORCE C7165F」を発売する。チラシやポスター、名刺など、様々な用途に対応する。印刷に必要な「像」
49,日本経済新聞,キヤノン,キヤノンITS、「TradeWise 通関データベース」の「Standard ...,https://www.nikkei.com/article/DGXZRSP679623_X01C24A0000000/,"Oct 6, 2024 ... ... キヤノンマーケティングジャパングループのキヤノンITソリューションズ株式会社（本社 : 東京都港区、代表取締役社長 : 金澤 明、以下キヤノンITS）は ...",2024-10-07 10:25:16+09:00,"【プレスリリース】発表日:2024年10月07日貿易業務管理ソリューション「TradeWise 通関データベース」の低コスト/高速導入が可能な""Standard Edition""を提供開始機能の標準化によりNACCSと連携した貿易管理業務デジタル化を早期に実現キヤノンマーケティングジャパングループのキヤノンITソリューションズ株式会社（本社 : 東京都港区、代表取締役社長 : 金澤 明、"
50,QUICK Money World,シャープ,三菱鉛筆の開示情報「“自分らしさ”をテーマに表現する第3回アート ...,https://moneyworld.jp/stock/7976/news/disclosure/3954814,3 days ago ... 【筆記具大手】シャープペン、ボールペン強い。化粧品OEMも。 お気に入り追加. QUICKレーティング. QUICKレーティング. QUICKレーティングは、証券会社や ...,,"発表者：三菱鉛筆、タイトル：「“自分らしさ”をテーマに表現する第3回アートコンテスト 受賞33作品を発表！」、本文：「  プレスリリース  “自分らしさ”をテーマに表現する第3回アートコンテスト 受賞33作品を発表！
“自分らしさ”をテーマに表現する第3回アートコンテスト 受賞33作品を発表！ 

三菱鉛筆株式会社（本社：東京都品川区 社長：数原滋彦）はオフィシャルパートナー契約を締結している一般社団法人 障がい者自立推進機構（所在地：東京都港区 代表理事：松永昭弘 以下、パラリンアート）と第3回アートコンテストを開催いたしました。「生まれながらにすべての人がユニークである」という当社の信念に基づき、一人ひとりが持つさまざまな違い、つまり「自分らしさ」をテーマに自由に表現いただいたアートコンテストの結果をご"
51,QUICK Money World,シャープ,シャープの開示情報「プラズマクラスター空気清浄機の新製品 ...,https://moneyworld.jp/stock/6753/news/disclosure/3979861,3 days ago ... 発表者：シャープ、タイトル：「プラズマクラスター空気清浄機の新製品プロモーションを開始」、本文：「 2024年11月1日 シャープ株式会社 人気女優・ ...,,"発表者：シャープ、タイトル：「プラズマクラスター空気清浄機の新製品プロモーションを開始」、本文：「
2024年11月1日 シャープ株式会社 人気女優・浜辺美波さんを起用したテレビコマーシャルなどを広く展開 プラズマクラスター空気清浄機の新製品プロモーションを開始
  空気清浄機プロモーション キービジュアル
  シャープは、新プラズマクラスター空気清浄機＜KI-TX100/TX75＞のプロモーションを、「プラズマクラスターの日」である11月11日（月）※より開始します。今回新たに人気女優・浜辺美波さんを起用しました。  新製品は、「空気は『見る』時代です。」をコンセプトに、室内にただよう粒子数を算出して、「AIモニター」に表示。空気清浄効果の見える化を実現しました。本プロモーションでは、清」"
52,QUICK Money World,シャープ,三菱鉛筆の開示情報「[Delayed](Correction) Notice of Partial ...,https://moneyworld.jp/stock/7976/news/disclosure/20241031508562,3 days ago ... 【筆記具大手】シャープペン、ボールペン強い。化粧品OEMも。 お気に入り追加. QUICKレーティング. QUICKレーティング. QUICKレーティングは、証券会社や ...,,"発表者：三菱鉛筆、タイトル：「[Delayed](Correction) Notice of Partial Corrections to Summary of Consolidated Financial Results for the Year Ended December 31, ’23 (Japanese GAAP)」、本文：「1TranslationNotice:ThisdocumentisanexcerpttranslationoftheoriginalJapanesedocumentandisonlyforreferencepurposes.IntheeventofanydiscrepancybetweenthistranslateddocumentandtheoriginalJapanesedocument,thelattershallprevail.NewsReleaseOctober31,2024Companyname:MitsubishiPencilCompany,LimitedRepresentati」"
53,QUICK Money World,シャープ,三菱鉛筆の開示情報「[Delayed]Notice Concerning Revisions to ...,https://moneyworld.jp/stock/7976/news/disclosure/20241031508557,3 days ago ... 【筆記具大手】シャープペン、ボールペン強い。化粧品OEMも。 お気に入り追加. QUICKレーティング. QUICKレーティング. QUICKレーティングは、証券会社や ...,,"発表者：三菱鉛筆、タイトル：「[Delayed]Notice Concerning Revisions to Consolidated Earnings Forecasts and Dividend Forecasts」、本文：「1Note:ThisdocumenthasbeentranslatedfromtheJapaneseoriginalforreferencepurposesonly.IntheeventofanydiscrepancybetweenthistranslateddocumentandtheJapaneseoriginal,theoriginalshallprevail.NewsReleaseOctober31,2024Companyname:MitsubishiPencilCompany,LimitedRepresentative:ShigehikoSuharaRepresentativeDir」"
54,QUICK Money World,シャープ,三菱鉛筆の開示情報「[Delayed]Summary of Consolidated Financial ...,https://moneyworld.jp/stock/7976/news/disclosure/20241101509218,3 days ago ... 【筆記具大手】シャープペン、ボールペン強い。化粧品OEMも。 お気に入り追加. QUICKレーティング. QUICKレーティング. QUICKレーティングは、証券会社や ...,,"発表者：三菱鉛筆、タイトル：「[Delayed]Summary of Consolidated Financial Results for the Nine Months Ended September 30, 2024(Based on Japanese GAAP)」、本文：「1TranslationNotice:ThisdocumentisanexcerpttranslationoftheoriginalJapanesedocumentandisonlyforreferencepurposes.IntheeventofanydiscrepancybetweenthistranslateddocumentandtheoriginalJapanesedocument,thelattershallprevail.SummaryofConsolidatedFinancialResultsfortheNineMonthsEndedSeptember30,2024(Based」"
55,QUICK Money World,シャープ,シャープの開示情報「スマートフォン「AQUOS wish4」をKDDIから ...,https://moneyworld.jp/stock/6753/news/disclosure/3925301,3 days ago ... 発表者：シャープ、タイトル：「スマートフォン「AQUOS wish4」をKDDIから法人向けに発売」、本文：「 2024年9月2日 シャープ株式会社 大容量バッテリー ...,,"発表者：シャープ、タイトル：「スマートフォン「AQUOS wish4」をKDDIから法人向けに発売」、本文：「 2024年9月2日 シャープ株式会社 大容量バッテリーと見やすい大型ディスプレイを搭載。防水・防塵・耐衝撃※1にも対応 スマートフォン「AQUOS wish4」をKDDIから法人向けに発売   「AQUOS wish4」（ブラック）   シャープは、ベーシックモデルのスマートフォン「AQUOS wish4」を商品化。KDDI株式会社より法人向けとして発売します。  本機は、大容量の5,000mAhのバッテリー搭載により、長時間の電池持ちを実現。充電が難しい外出先でも安心して使用できます。約6.6インチの大型ディスプレイを搭載し、大きく見やすい表示で、地図や資料の閲覧にもより便利に使えるように」"
56,QUICK Money World,シャープ,シャープの開示情報「「エンタメおまかせ AQUOSキャッシュバック ...,https://moneyworld.jp/stock/6753/news/disclosure/3979859,3 days ago ... 発表者：シャープ、タイトル：「「エンタメおまかせ AQUOSキャッシュバックキャンペーン」を開始」、本文：「 2024年11月1日 シャープ株式会社 対象の ...,,"発表者：シャープ、タイトル：「「エンタメおまかせ AQUOSキャッシュバックキャンペーン」を開始」、本文：「
2024年11月1日 シャープ株式会社 対象のテレビと4Kレコーダーのセット購入で最大60,000円※1をキャッシュバック※2 「エンタメおまかせ AQUOSキャッシュバックキャンペーン」を開始
 
  シャープは、本日11月1日より、当社テレビの最新モデルを購入いただいたお客様を対象に「エンタメおまかせ AQUOSキャッシュバックキャンペーン」を開始します。対象機種のmini LEDテレビ『AQUOS XLED』＜GP1ライン＞や有機ELテレビ『AQUOS QD-OLED』＜GS1ライン＞などは、AIがコンテンツに応じて画質や音質を自動で整える“おまかせ”調整機能を搭載。年末年始、大画面で」"
57,QUICK Money World,シャープ,シャープの開示情報「プラズマクラスター加湿空気清浄機など3機種 ...,https://moneyworld.jp/stock/6753/news/disclosure/3926894,4 days ago ... 発表者：シャープ、タイトル：「プラズマクラスター加湿空気清浄機など3機種を発売 － 業界初※1、室内にただよう粒子数の見える化を実現。,,発表者：シャープ、タイトル：「プラズマクラスター加湿空気清浄機など3機種を発売 － 業界初※1、室内にただよう粒子数の見える化を実現。空気は「見る」時代へ 加湿フィルターを自動で洗浄する便利な「加湿内部洗浄」機能も新搭載」、本文：「 2024年9月3日 シャープ株式会社 業界初※1、室内にただよう粒子数の見える化を実現。空気は「見る」時代へ 加湿フィルターを自動で洗浄する便利な「加湿内部洗浄」機能も新搭載 プラズマクラスター加湿空気清浄機など3機種を発売   左から、プラズマクラスター加湿空気清浄機＜KI-TX100-H＞と「AIモニター」のイメージ、＜KI-TX75-H/-W＞   シャープは、室内の空気清浄効果の見える化を実現し、さらに食品工場などで求められるクリーンルーム規格Class8レベルの空気環境を目指した運転※2をおこなうプラズマク
58,QUICK Money World,シャープ,三菱鉛筆の開示情報「（訂正・数値データ訂正）「2024 年 12 月期 ...,https://moneyworld.jp/stock/7976/news/disclosure/20241030506730,4 days ago ... 【筆記具大手】シャープペン、ボールペン強い。化粧品OEMも。 お気に入り追加. QUICKレーティング. QUICKレーティング. QUICKレーティングは、証券会社や ...,,発表者：三菱鉛筆、タイトル：「（訂正・数値データ訂正）「2024 年 12 月期 第 2 四半期（中間期）決算短信〔日本基準〕（連結）」の一部訂正に関するお知らせ 」、本文：「-1-2024年10月31日各位上場会社名三菱鉛筆株式会社代表者代表取締役社長数原滋彦（コード番号7976東証プライム）問合せ先責任者上席執行役員財務担当長谷川直人（TEL．03－3458－6215）https://www.mpuni.co.jp（訂正・数値データ訂正）「2024年12月期第2四半期（中間期）決算短信〔日本基準〕（連結）」の一部訂正に関するお知らせ当社は、2024年7月30日に公表した「2024年12月期第2四半期（中間期）決算短信〔日本基準〕（連結）」の記載内容の一部に訂正すべき事項がありましたので、下記の通りお知らせします。また、数値データにも訂正がありましたので訂正後の数」
59,QUICK Money World,シャープ,三菱鉛筆の開示情報「確認書」｜QUICK Money World - 株式投資 ...,https://moneyworld.jp/stock/7976/news/disclosure/S100ULZO,4 days ago ... 【筆記具大手】シャープペン、ボールペン強い。化粧品OEMも。 お気に入り追加. QUICKレーティング. QUICKレーティング.,,"発表者：三菱鉛筆、タイトル：「確認書」、本文：「【表紙】【提出書類】確認書【根拠条文】金融商品取引法第24条の４の８第１項【提出先】関東財務局長【提出日】2024年10月31日【会社名】三菱鉛筆株式会社【英訳名】MITSUBISHIPENCILCOMPANY,LIMITED【代表者の役職氏名】代表取締役社長数原滋彦【最高財務責任者の役職氏名】該当事項はありません。【本店の所在の場所】東京都品川区東大井五丁目23番37号【縦覧に供する場所】株式会社東京証券取引所（東京都中央区日本橋兜町２番１号）EDINET提出書類三菱鉛筆株式会社(E02366)確認書1/2１【四半期報告書の記載内容の適正性に関する事項】当社代表取締役社長数原滋彦は、当社の第」"
60,QUICK Money World,コニカミノルタ,「QUICK AI速報」の記事・ニュース一覧｜QUICK Money World ...,https://moneyworld.jp/news/list?series=210003,3 days ago ... コニカミノルタ（4902）は2%高 フジクラ（5803）は1% 安 22日の夜間PTS. 23日の株式市場で、THECOO（4255）や ...,,「QUICK AI速報」の記事やニュースを一覧で表示します。関連する銘柄の株価やチャートなども。
61,QUICK Money World,コニカミノルタ,ニデック (6594) のニュース・適時開示｜QUICK Money World - 株式 ...,https://moneyworld.jp/stock/6594/news,4 days ago ... ... 【騰落率ランキング】先週動いた銘柄 上昇1位はコニカミノルタ、下落1位は富士通ゼネラル. 【日経QUICKニュース（NQN）】先週（10月21～25 ...,,ニデック (6594) の適時開示情報やPR（プレスリリース）、QUICKオリジナルのニュースを閲覧できます。適時開示情報では決算短信などTDnetの文書、有価証券報告書や大量保有報告書などEDINETの文書、コーポレートガバナンス報告書を閲覧できます。
62,QUICK Money World,コニカミノルタ,セブン＆アイ・ホールディングス (3382) の株価チャート｜QUICK ...,https://moneyworld.jp/stock/3382/chart,4 days ago ... セブン＆アイ・ホールディングスの関連記事・ニュース ; 【騰落率ランキング】先週動いた銘柄 上昇1位はコニカミノルタ、下落1位は富士通ゼネラル · NQNセレクト. 2024/10/28 ...,,【QUICK Money World】はQUICKが提供する、株式投資・マーケット・金融情報の総合サイトです。株価・チャート・ニュース・株主優待・IPO情報等の企業情報まで幅広く提供しています。マーケット・金融・投資に関心のある方へ、最新情報を発信します。
63,QUICK Money World,コニカミノルタ,コニカミノルタの開示情報「胸部X線画像診断支援AI「CXR Finding ...,https://moneyworld.jp/stock/4902/news/disclosure/3972173,4 days ago ... ... コニカミノルタ株式会社（本社：東京都千代田区、社長：大幸 利充、以下 コニカミノルタ）は、胸部X線画像をAIで解析し、結節影、腫瘤影や浸潤影の見落とし防止を支援 ...,,"発表者：コニカミノルタ、タイトル：「胸部X線画像診断支援AI「CXR Finding-i」の検出精度改良を達成」、本文：「
胸部X線画像診断支援AI「CXR Finding-i」の検出精度改良を達成～特異度の向上により診断の効率化に寄与～


 2024年10月25日 


  コニカミノルタ株式会社（本社：東京都千代田区、社長：大幸 利充、以下 コニカミノルタ）は、胸部X線画像をAIで解析し、結節影、腫瘤影や浸潤影の見落とし防止を支援する胸部X線画像診断支援AI「CXR Finding-i」において、国内外で取得した数十万件以上の胸部X線画像の学習（Deep Learning）を行い、自社独自技術による精度改良を実現しました。
コニカミノルタは、ヘルスケア事業を通じてマテリアリティ（重要課題）の一つに掲げる「健」"
64,QUICK Money World,コニカミノルタ,三菱電株が急伸 4～9月期営業益は過去最高、空調など伸びる ...,https://moneyworld.jp/news/05_00148649_news,3 days ago ... ... 【騰落率ランキング】先週動いた銘柄 上昇1位はコニカミノルタ、下落1位は富士通ゼネラル. 【日経QUICKニュース（NQN ...,,【日経ＱＵＩＣＫニュース（ＮＱＮ）】11月１日の東京株式市場で、三菱電機（プライム、6503）が急伸している。前日比399円50銭（16.73％）高の2787円まで上昇し、7月22日以来3カ月ぶりの高値水準をつけた。10 […]
65,QUICK Money World,コニカミノルタ,ニデック (6594) の業績・決算｜QUICK Money World - 株式投資 ...,https://moneyworld.jp/stock/6594/consolidated,4 days ago ... ニデックの関連記事・ニュース · ニデック（6594） 強めの当研究所営業利益予想を据え置く。 · 【騰落率ランキング】先週動いた銘柄 上昇1位はコニカミノルタ、下落1位は富士通 ...,,ニデック (6594) の業績・決算をグラフと表で直観的に把握できます。有料会員なら過去20期の損益計算書、貸借対照表、キャッシュフロー計算書、配当金などを分析できます。
66,QUICK Money World,コニカミノルタ,コニカミノルタの開示情報「「EX感性」開発部門がIoT-AI 2024国際 ...,https://moneyworld.jp/stock/4902/news/disclosure/3958854,3 days ago ... 発表者：コニカミノルタ、タイトル：「「EX感性」開発部門がIoT-AI 2024国際学会で最優秀論文賞を受賞 － AIと脳科学の融合など高い革新性が評価」、 ...,,発表者：コニカミノルタ、タイトル：「「EX感性」開発部門がIoT-AI 2024国際学会で最優秀論文賞を受賞 － AIと脳科学の融合など高い革新性が評価」、本文：「 デザイン解析サービス「EXplainable感性® 」開発部門がIoT-AI 2024国際学会で最優秀論文賞を受賞 AIと脳科学の融合など高い革新性が評価       2024年10月10日      コニカミノルタ株式会社（本社：東京都千代田区、社長：大幸 利充、以下 コニカミノルタ）は、プロフェッショナルプリント事業が提供するデザイン解析サービス「EXplainable感性® 」（以下 EX感性）の開発部門による「AIと脳科学を融合させたブランドアイデンティティ解析技術」が、IoTとAI分野で注目されている国際学会「IoT-AI 2024」の「AI-based prediction mo」
67,QUICK Money World,コニカミノルタ,ニデック（6594） 強めの当研究所営業利益予想を据え置く。今期は ...,https://moneyworld.jp/news/05_00148249_news,5 days ago ... 関連記事・ニュース. 記事. 【騰落率ランキング】先週動いた銘柄 上昇1位はコニカミノルタ、下落1位は富士通ゼネラル.,,QUICK企業価値研究所アナリスト 小西慶祐(2024/10/30) ・サマリー 　25/3期の連結営業利益計画について会社側は、7月の1Q決算発表時に上方修正した2400億円（前期比48％増）を据え置いた。3期ぶりに過 […]
68,QUICK Money World,コニカミノルタ,コニカミノルタの開示情報「コニカミノルタジャパンより空間 ...,https://moneyworld.jp/stock/4902/news/disclosure/3977862,4 days ago ... 発表者：コニカミノルタ、タイトル：「コニカミノルタジャパンより空間デザインサービスの新ブランド「Miraisia (TM)」を発表」、本文：「 コニカ ...,,発表者：コニカミノルタ、タイトル：「コニカミノルタジャパンより空間デザインサービスの新ブランド「Miraisia (TM)」を発表」、本文：「 コニカミノルタジャパンより 空間デザインサービスの 新ブランド「Miraisia (TM) 」を発表  2024年10月31日 コニカミノルタジャパン株式会社（本社：東京都港区、代表取締役社長：一條 啓介、以下 コニカミノルタジャパン）は、オフィス、商業施設の空間デザインを手掛ける事業において、多様なライフスタイルで働き続けられる未来を目指す新ブランド『Miraisia（ミライシア）』を発表しました。    新ブランド『Miraisia』を立ち上げた背景と目的  コニカミノルタグループは、事業を通じて「働きがい向上および企業活性化」「健康で質の高い生活の実現」などの５つのマテリアリティ（重要」
69,QUICK Money World,コニカミノルタ,フジクラ株が大幅続伸 米コーニングの7～9月期決算が予想上回る ...,https://moneyworld.jp/news/05_00148046_news,6 days ago ... コニカミノルタ（4902）は2%高 フジクラ（5803）は1% 安 22日の夜間PTS. 23日の株式市場で ...,,【QUICK Market Eyes 永島奏子】10月30日の東京株式市場で、電線大手のフジクラ（5803）が大幅に続伸している。一時、前日比211円（3.99％円）高の5490円まで上昇した。米特殊ガラス大手コーニング […]
70,QUICK Money World,リコー,ﾘｺｰﾘｰｽ(8566) Notice Concerning Revision to Dividend Forecasts ...,https://moneyworld.jp/news/OZN6270_ainews,"3 days ago ... 開示会社：ﾘｺｰﾘｰｽ(8566) 開示書類：Notice Concerning Revision to Dividend Forecasts for the Fiscal Year Ending March 31, 2025",,dummy exerpt
71,QUICK Money World,リコー,ﾘｺｰﾘｰｽ(8566) 2025年３月期 第２四半期（中間期）決算短信〔日本 ...,https://moneyworld.jp/news/OZN6292_headline,3 days ago ... 開示会社：ﾘｺｰﾘｰｽ(8566) 開示書類：2025年3月期 第2四半期（中間期）決算短信〔日本基準〕（連結） 開示日時：2024/11/01 14:00,,dummy exerpt
72,QUICK Money World,リコー,ﾘｺｰﾘｰｽ(8566) 株式報酬制度における株式取得に係る事項の決定 ...,https://moneyworld.jp/news/OZN7986_ainews,3 days ago ... ﾘｺｰﾘｰｽ(8566) 株式報酬制度における株式取得に係る事項の決定に関するお知らせ · この記事・ニュースに関連する銘柄・株価 · 関連記事・ニュース · 銘柄名・ ...,,dummy exerpt
73,QUICK Money World,リコー,ﾘｺｰﾘｰｽ(8566) 2025年３月期配当予想の修正に関するお知らせ ...,https://moneyworld.jp/news/OZN6273_ainews,3 days ago ... この結果、当期の年間配当金は中間配当金80円と合わせまして前期より25円増配の1株当たり175円といたします。なお、今期の業績予想に基づく配当性向は36.7 ...,,dummy exerpt
74,QUICK Money World,リコー,リコーリースの開示情報「2025年３月期 第２四半期（中間期）決算 ...,https://moneyworld.jp/stock/8566/news/disclosure/20241101509067,"3 days ago ... リコーリース. 最終更新 2024/11/1 15:00 ※20分遅れで更新. 4,950円. +10円 (+0.2%). 【OA・情報通信リース】リコー製の複写機などが主力。医療機器に注力 ...",,発表者：リコーリース、タイトル：「2025年３月期 第２四半期（中間期）決算短信〔日本基準〕（連結）」、本文：「2025年３月期第２四半期（中間期）決算短信〔日本基準〕（連結）2024年11月１日上場会社名リコーリース株式会社上場取引所東コード番号8566ＵＲＬhttps://www.r-lease.co.jp/代表者（役職名）代表取締役社長執行役員（氏名）中村徳晴問合せ先責任者（役職名）常務執行役員経営管理本部長（氏名）大澤洋ＴＥＬ050-1702-4203半期報告書提出予定日2024年11月12日配当支払開始予定日2024年12月２日決算補足説明資料作成の有無：有決算説明会開催の有無：有（機関投資家・アナリスト向け）（百万円未満切捨て）（１）連結経営成績（累計）（％表示は対前年中間期増減率）売上高営」
75,QUICK Money World,リコー,リコーの開示情報「防塵・防滴、簡単操作の小型オートフラッシュ ...,https://moneyworld.jp/stock/7752/news/disclosure/3928834,3 days ago ... ... (リコーイメージング)」、本文：「 防塵・防滴、簡単操作の小型オートフラッシュ「AF180FG」新発売 リコーイメージング株式会社（代表取締役社長：森 ...,,"発表者：リコー、タイトル：「防塵・防滴、簡単操作の小型オートフラッシュ「AF180FG」新発売(リコーイメージング)」、本文：「 防塵・防滴、簡単操作の小型オートフラッシュ「AF180FG」新発売    
リコーイメージング株式会社（代表取締役社長：森 泰智）は、小型軽量設計で、さまざまなアウトドア環境下での信頼性を高める防塵・防滴構造を採用したガイドナンバー18（ISO100・m）のオートフラッシュ「AF180FG」を発売いたします。
  


    製品名 AF180FG   価格 30,000円（税別）   発売日 9月20日   
 新製品 AF180FG の主な特長  １．アウトドアでも安心な防塵・防滴構造の小型フラッシュ 当社のP-TTL対応デジタルカメラに対応し、携帯しやすいコンパクト設計ながら、ホット」"
76,QUICK Money World,リコー,リコーリースの開示情報「有価証券届出書（参照方式）」｜QUICK ...,https://moneyworld.jp/stock/8566/news/disclosure/S100ULT2,"3 days ago ... リコーリース. 最終更新 2024/11/1 15:00 ※20分遅れで更新. 4,950円. +10円 (+0.2%). 【OA・情報通信リース】リコー製の複写機などが主力。医療機器に注力 ...",,"発表者：リコーリース、タイトル：「有価証券届出書（参照方式）」、本文：「【表紙】【提出書類】有価証券届出書【提出先】関東財務局長【提出日】2024年11月１日【会社名】リコーリース株式会社【英訳名】RICOHLEASINGCOMPANY,LTD.【代表者の役職氏名】代表取締役社長執行役員中村徳晴【本店の所在の場所】東京都千代田区紀尾井町４番１号【電話番号】０３（６２０４）０７００（大代表）【事務連絡者氏名】取締役専務執行役員佐野弘純【最寄りの連絡場所】東京都港区東新橋１丁目５番２号【電話番号】０３（６２０４）０７００（大代表）【事務連絡者氏名】取締役専務執行役員佐野弘純【届出の対象とした募集有価証券の種類】株式【届出の対象とした募集金額】その他の者に対する割当46」"
77,QUICK Money World,リコー,ﾘｺｰﾘｰｽ(8566) 株式報酬制度における第三者割当による自己株式の ...,https://moneyworld.jp/news/OZN7836_ainews,3 days ago ... 3.処分価額の算定根拠及びその具体的内容処分価額につきましては、最近の株価推移に鑑み、恣意性を排除した価額とするため、2024年10月31日(取締役会決議 ...,,dummy exerpt
78,QUICK Money World,リコー,リコーリースの開示情報「Decision on Matters Related to Share ...,https://moneyworld.jp/stock/8566/news/disclosure/20241031508513,3 days ago ... 発表者：リコーリース、タイトル：「Decision on Matters Related to Share Acquisition under the Stock-Based Remuneration.,,"発表者：リコーリース、タイトル：「Decision on Matters Related to Share Acquisition under the Stock-Based Remuneration Syste」、本文：「-1-Note:ThisdocumenthasbeentranslatedfromtheJapaneseoriginalforreferencepurposesonly.IntheeventofanydiscrepancybetweenthistranslateddocumentandtheJapaneseoriginal,theoriginalshallprevail.November1,2024Companyname:RICOHLEASINGCOMPANY,LTD.Nameofrepresentative:TokuharuNakamura,PresidentandChiefExecutiv」"
79,QUICK Money World,リコー,リコーリースの開示情報「Notice of Disposition of Treasury Shares ...,https://moneyworld.jp/stock/8566/news/disclosure/20241031508527,3 days ago ... 発表者：リコーリース、タイトル：「Notice of Disposition of Treasury Shares by Third-Party Allotment in Connection with the Stock-Based ...,,"発表者：リコーリース、タイトル：「Notice of Disposition of Treasury Shares by Third-Party Allotment in Connection with the Stock-Based Remuneration System」、本文：「-1-Note:ThisdocumenthasbeentranslatedfromtheJapaneseoriginalforreferencepurposesonly.IntheeventofanydiscrepancybetweenthistranslateddocumentandtheJapaneseoriginal,theoriginalshallprevail.November1,2024Companyname:RICOHLEASINGCOMPANY,LTD.Nameofrepresentative:TokuharuNakamura,PresidentandChiefExecutiv」"
80,QUICK Money World,富士フイルム,富士フイルムホールディングスの開示情報「内視鏡レポート作成 ...,https://moneyworld.jp/stock/4901/news/disclosure/3945476,3 days ago ... 発表者：富士フイルムホールディングス、タイトル：「内視鏡レポート作成支援ソフトウェア新発売 － AI技術を活用して上部消化管内視鏡検査レポート作成 ...,,"発表者：富士フイルムホールディングス、タイトル：「内視鏡レポート作成支援ソフトウェア新発売 － AI技術を活用して上部消化管内視鏡検査レポート作成の負担を軽減 (富士フイルム)」、本文：「  ニュースリリース 2024年9月26日 AI技術を活用して上部消化管内視鏡検査レポート作成の負担を軽減 内視鏡レポート作成支援ソフトウェア新発売    このニュースリリースは、報道機関向けに発信している情報です。
  富士フイルム株式会社（本社：東京都港区、代表取締役社長・CEO：後藤 禎一）は、AI技術*1を用いて上部内視鏡検査のレポート作成を支援するソフトウェア「AR-G1」を、富士フイルムメディカル株式会社（本社：東京都港区、代表取締役社長：川原 芳博）を通じて本日より発売いたします。「AR-G1」は、当社内視鏡情報管理システム「NEXUS（ネクサ"
81,QUICK Money World,富士フイルム,富士フイルムホールディングスの開示情報「EUVレジストとEUV ...,https://moneyworld.jp/stock/4901/news/disclosure/3975740,3 days ago ... 発表者：富士フイルムホールディングス、タイトル：「EUVレジストとEUV現像液 販売開始 (富士フイルム)」、本文：「 ニュースリリース 2024年10月29日 ...,,"発表者：富士フイルムホールディングス、タイトル：「EUVレジストとEUV現像液 販売開始 (富士フイルム)」、本文：「  ニュースリリース 2024年10月29日 先端半導体製造プロセスに用いられる極端紫外線向け材料 EUVレジストとEUV現像液 販売開始 静岡・韓国平澤拠点で、EUVレジストとEUV現像液の生産能力を増強    富士フイルム株式会社（本社：東京都港区、代表取締役社長・CEO：後藤 禎一）は、先端半導体の製造プロセスに用いられるネガ型の極端紫外線（EUV）*1向けフォトレジスト（以下、EUVレジスト）および現像液（以下、EUV現像液）の販売をこのたび開始しました。
当社は、現在広く普及しているネガ型レジストの現像工程であるNTIプロセス*2を世界で初めて開発・実用化し、ArF露光*3を用いた半」"
82,QUICK Money World,富士フイルム,ペルセウスプロテオミクスの開示情報「第3回日本抗体学会学術大会 ...,https://moneyworld.jp/stock/4882/news/disclosure/3952272,3 days ago ... 【抗体薬】抗体でがん治療薬を開発。富士フイルムHDが大株主。 お気に入り追加. QUICKレーティング. QUICKレーティング.,,発表者：ペルセウスプロテオミクス、タイトル：「第3回日本抗体学会学術大会における発表採択のお知らせ」、本文：「2024 年 10 月 2 日   第 3 回日本抗体学会学術大会における発表採択のお知らせ   このたび、第 3 回日本抗体学会学術大会（2024 年 12 月 9～11 日）におきまして、ファージディスプレイ技術と次世代シーケンサーを組み合わせることで、抗体単離の効率を向上させる新たな手法に関する研究成果が発表演題に採択されましたので、お知らせいたします。   演題： 「ファージディスプレイ法と次世代シーケンサーを用いた新規抗体単離方法の開発」  発表日： 2024 年 12 月 9 日または 10 日  著者： 鵜飼由範*、近藤万里子*、中沢香織*、富永真琴**  *株式会社ペルセウスプ」
83,QUICK Money World,富士フイルム,ペルセウスプロテオミクスの開示情報「ジャパン・ヘルスケア ...,https://moneyworld.jp/stock/4882/news/disclosure/3954675,4 days ago ... 【抗体薬】抗体でがん治療薬を開発。富士フイルムHDが大株主。 お気に入り追加. QUICKレーティング. QUICKレーティング.,,発表者：ペルセウスプロテオミクス、タイトル：「ジャパン・ヘルスケアベンチャー・サミット2024出展のお知らせ」、本文：「2024 年 10 月 4 日  株 式 会 社 ペ ル セ ウ ス プ ロ テ オ ミ ク ス   ジャパン・ヘルスケアベンチャー・サミット 2024 出展のお知らせ   当社は 10 月 9 日から開催されるジャパン・ヘルスケアベンチャー・サミット 2024 に出展いたします。  日程： 2024 年 10 月 9 日（水）～11 日（金）  会場： パシフィコ横浜（アクセス）  【ジャパン・ヘルスケアベンチャー・サミット 2024】  ブース番号： V-59  出展内容： 抗体医薬品のご紹介  ウェブサイト： https://mediso.mhlw.go.jp/jhvs2024/   上」
84,QUICK Money World,富士フイルム,富士フイルムホールディングスの開示情報「法人から自治体への ...,https://moneyworld.jp/stock/4901/news/disclosure/3955915,6 days ago ... 発表者：富士フイルムホールディングス、タイトル：「法人から自治体への住民票の写し請求業務のデジタル化を実現「法人請求オンラインサービス」トライアル版を21自治体 ...,,"発表者：富士フイルムホールディングス、タイトル：「法人から自治体への住民票の写し請求業務のデジタル化を実現「法人請求オンラインサービス」トライアル版を21自治体が導入 (富士フイルムビジネスイノベーション)」、本文：「 法人から自治体への住民票の写し請求業務のデジタル化を実現
 「法人請求オンラインサービス」トライアル版を21自治体が導入 2024年10月7日 富士フイルムシステムサービス株式会社（本社:東京都新宿区、代表取締役社長:井上 あまね）は、「法人請求オンラインサービス」トライアル版を新たに21自治体※1が10月30日から導入することをお知らせします。本サービスは、債権回収業務や契約情報確認を必要とする金融機関※2などの法人が自治体に対して、郵送で行っていた住民票の写しを請求する業務（郵送請求）をデジタ "
85,QUICK Money World,富士フイルム,富士フイルムホールディングスの開示情報「放送用ズームレンズ ...,https://moneyworld.jp/stock/4901/news/disclosure/3921839,6 days ago ... 発表者：富士フイルムホールディングス、タイトル：「放送用ズームレンズ「FUJINON HZK14-100mm」（愛称「Duvo（デューボ） Portable」）新発売 (富士フイルム)」、本文：「 ...,,発表者：富士フイルムホールディングス、タイトル：「放送用ズームレンズ「FUJINON HZK14-100mm」（愛称「Duvo（デューボ） Portable」）新発売 (富士フイルム)」、本文：「  ニュースリリース 2024年8月29日 シネマライクな映像表現と放送用レンズの操作性を両立した「Duvoシリーズ」初の広角ズームレンズ 放送用ズームレンズ「FUJINON HZK14-100mm」（愛称「Duvo（デューボ） Portable」）新発売 広角14mmから中望遠100mmまでカバーしつつ、全長266.9mm・2.54kgの小型・軽量を実現    富士フイルム株式会社（本社：東京都港区、代表取締役社長・CEO：後藤 禎一）は、シネマライクな映像表現と放送用レンズの操作性を両立した放送用ズームレンズ「Duvoシリーズ」から、同シリーズ3本目で初の広角ズームレンズとなる「FUJIN」
86,QUICK Money World,富士フイルム,富士フイルムホールディングスの開示情報「自然関連課題に関する ...,https://moneyworld.jp/stock/4901/news/disclosure/3952329,6 days ago ... 発表者：富士フイルムホールディングス、タイトル：「自然関連課題に関するTNFDレポートを発行」、本文：「 2024年10月2日 自然関連課題に関するTNFDレポートを発行 富士 ...,,発表者：富士フイルムホールディングス、タイトル：「自然関連課題に関するTNFDレポートを発行」、本文：「  2024年10月2日 自然関連課題に関するTNFDレポートを発行    富士フイルムホールディングス株式会社（本社：東京都港区、代表取締役社長・CEO：後藤 禎一）は、自然関連財務情報開示タスクフォース（Taskforce on Nature-related Financial Disclosure、以下「TNFD」*1）が2023年9月に公表した「TNFD最終提言v1.0」に基づくTNFDレポートを発行しました。 当社グループは、創業以来すべての事業活動が自然環境から恩恵を受け、また自然環境に影響を与えていることを認識し、環境や生物多様性の保全を重視しています。TNFD提言に賛同し、本年」
87,QUICK Money World,富士フイルム,ＧＭＯインターネットグループの開示情報「富士フイルムビジネス ...,https://moneyworld.jp/stock/9449/news/disclosure/3939934,6 days ago ... 富士フイルムビジネスイノベーションのクラウドサービス 「FUJIFILM IWpro」と電子契約サービス「GMOサイン」が連携 [GMOグローバルサイン・ ...,,"発表者：ＧＭＯインターネットグループ、タイトル：「富士フイルムビジネスイノベーションのクラウドサービス 「FUJIFILM IWpro」と電子契約サービス「GMOサイン」が連携 [GMOグローバルサイン・ホールディングス株式会社]」、本文：「
2024年9月19日
富士フイルムビジネスイノベーションのクラウドサービス
「FUJIFILM IWpro」と電子契約サービス「GMOサイン」が連携

〜電子契約と業務管理をスムースに連携し、さらなる業務効率化を推進〜


GMOグローバルサイン・ホールディングス株式会社

 
 GMOグローバルサイン・ホールディングス株式会社（代表取締役社⻑：⻘⼭ 満 以下、GMOグローバルサイン・HD）は、富士フイルムビジネスイノベーション株式会社（代表取締役社⻑・CEO：浜 直樹）が開発運営するクラウドサービス「FUJIFILM IWpro」と、GMOグローバルサイン "
88,QUICK Money World,富士フイルム,富士フイルムホールディングスの開示情報「富士フイルムRIPCORD ...,https://moneyworld.jp/stock/4901/news/disclosure/3952330,"Oct 15, 2024 ... ... 富士フイルムグループ内のシナジーを生かし、お客様のDXを加速 (富士フイルムビジネスイノベーション)」、本文：「 富士フイルムRIPCORDを100％子会社化 富士フイルム ...",,"発表者：富士フイルムホールディングス、タイトル：「富士フイルムRIPCORDを100％子会社化 － 富士フイルムグループ内のシナジーを生かし、お客様のDXを加速 (富士フイルムビジネスイノベーション)」、本文：「 富士フイルムRIPCORDを100％子会社化 富士フイルムグループ内のシナジーを生かし、お客様のDXを加速
 2024年10月2日 富士フイルムビジネスイノベーション株式会社（本社：東京都港区、代表取締役社長・CEO：浜 直樹）は、当社の連結子会社である富士フイルムRIPCORD合同会社（本店：神奈川県足柄上郡、CEO：山口幸一）の22.5％の持分を保有する米Ripcord Inc.（本社：米国カリフォルニア州、CEO：Sam Fahmy）から全持分を取得し、富士フイルムRIPCORDを2024年10月1日付で100％子会社化しました。 当社は2020年に、米Ripcord社と合弁で富士フイ」"
89,QUICK Money World,富士フイルム,ペルセウスプロテオミクスの開示情報「Perseus Proteomics ...,https://moneyworld.jp/stock/4882/news/disclosure/20241004593920,"Oct 3, 2024 ... 【抗体薬】抗体でがん治療薬を開発。富士フイルムHDが大株主。 お気に入り追加. QUICKレーティング. QUICKレーティング.",,"発表者：ペルセウスプロテオミクス、タイトル：「Perseus Proteomics Participating in Japan Healthcare Venture Summit 2024」、本文：「NewsReleaseOctober4,2024PerseusProteomicsInc.President&amp;CEO:TakuyaYokokawae-mail:ir@ppmx.comPerseusProteomicsParticipatinginJapanHealthcareVentureSummit2024PerseusProteomicsInc.(“theCompany”or“we”,President&amp;CEO:TakuyaYokokawa,HQ:Tokyo)ispleasedtoannouncethattheCompanyisparticipatinginJapanHea」"
90,QUICK Money World,キヤノン,キヤノンの開示情報「ホテルシステム「PREVAIL」のチェックイン ...,https://moneyworld.jp/stock/7751/news/disclosure/3948470,3 days ago ... 発表者：キヤノン、タイトル：「ホテルシステム「PREVAIL」のチェックイン関連新サービスを提供開始 － 事前チェックインやQRコード活用で人手不足が深刻なホテル事業者 ...,,"発表者：キヤノン、タイトル：「ホテルシステム「PREVAIL」のチェックイン関連新サービスを提供開始 － 事前チェックインやQRコード活用で人手不足が深刻なホテル事業者のDXを促進 ［キヤノンITソリューションズ株式会社］」、本文：「 ホテルシステム「PREVAIL」のチェックイン関連新サービスを提供開始
事前チェックインやQRコード活用で人手不足が深刻なホテル事業者のDXを促進 
ニュースリリース

2024年9月30日
キヤノンITソリューションズ株式会社
 キヤノンマーケティングジャパングループのキヤノンITソリューションズ株式会社（本社：東京都港区、代表取締役社長：金澤 明、以下キヤノンITS）は、ホテルシステム（PMS）「PREVAIL」の新しいオプション機能として「オンラインチェックイン」および「QRチェックイン」サービスを、2024年10月下旬より提 "
91,QUICK Money World,キヤノン,キヤノンの開示情報「キヤノンITS「EDI-Master Cloud」とセゾン ...,https://moneyworld.jp/stock/7751/news/disclosure/3929142,4 days ago ... 発表者：キヤノン、タイトル：「キヤノンITS「EDI-Master Cloud」とセゾンテクノロジー「HULFT Square」の連携ソリューションを提供開始EDIデータと基幹システムを ...,,"発表者：キヤノン、タイトル：「キヤノンITS「EDI-Master Cloud」とセゾンテクノロジー「HULFT Square」の連携ソリューションを提供開始EDIデータと基幹システムをシームレスに連携しDXを推進 ［キヤノンITソリューションズ株式会社］」、本文：「 キヤノンITS「EDI-Master Cloud」とセゾンテクノロジー「HULFT Square」の連携ソリューションを提供開始
EDIデータと基幹システムをシームレスに連携しDXを推進 
ニュースリリース

2024年9月5日
キヤノンITソリューションズ株式会社
株式会社セゾンテクノロジー
 キヤノンマーケティングジャパングループのキヤノンITソリューションズ株式会社（本社：東京都港区、代表取締役社長：金澤 明、以下キヤノンITS）と、株式会社セゾンテクノロジー（本社：東京都港区、代表取締役 社長執行役員：葉山 誠、以下セゾンテクノロジ "
92,QUICK Money World,キヤノン,キヤノンの開示情報「2024年12月期 第3四半期決算短信〔米国基準 ...,https://moneyworld.jp/stock/7751/news/disclosure/20241030506539,4 days ago ... 本情報のうち株価情報は（株）日本取引所グループから提供を受けています。株価情報は発生から20分以上遅れて表示しています。本情報のうち日経平均株価の ...,,発表者：キヤノン、タイトル：「2024年12月期 第3四半期決算短信〔米国基準〕(連結)(監査法人による期中レビューの完了)」、本文：「2024年10月31日各位2024年12月期第３四半期決算短信〔米国基準〕（連結）（監査法人による期中レビューの完了）当社は、2024年10月24日に2024年12月期第３四半期決算短信〔米国基準〕（連結）を開示いたしましたが、四半期連結財務諸表について、監査法人による期中レビューが完了しましたのでお知らせいたします。なお、2024年10月24日に発表した四半期連結財務諸表について変更はありません。以上会社名キヤノン株式会社代表者名代表取締役会長兼社長CEO御手洗冨士夫コード番号7751上場取引所東京（プライム市場）名古屋（プレミア市場）、福岡、札幌問合せ先連結経理部長谷野幸穂(TEL.03-」
93,QUICK Money World,キヤノン,監査役の異動に関するお知らせ ［キヤノン株式会社］ の開示情報,https://moneyworld.jp/stock/7751/news/disclosure/3946867,5 days ago ... 本情報のうち株価情報は（株）日本取引所グループから提供を受けています。株価情報は発生から20分以上遅れて表示しています。本情報のうち日経平均株価の著作権は、（株）日本 ...,,"発表者：キヤノン、タイトル：「監査役の異動に関するお知らせ ［キヤノン株式会社］」、本文：「
2024年9月26日
キヤノン株式会社 PDFダウンロード（512KB）  監査役の異動に関するお知らせ
キヤノン株式会社は、本日開催の取締役会において、以下の通り監査役の異動について決議いたしました。なお、この人事は2025年3月開催予定の定時株主総会において正式決定されます。
1. 異動の理由
監査役（1名）の任期満了に伴う異動
2. 監査役の異動の内容
①新任社外監査役候補者

重富 由香 公認会計士

候補者とした理由
同氏は、日本、米国、香港における公認会計士として企業会計に関する長きに渡る実務経験や、世界最大手の監査法人の海外事務所勤務経験による豊富な国際経験を有しております。企」"
94,QUICK Money World,キヤノン,キヤノンの開示情報「文化庁と「日本遺産オフィシャル ...,https://moneyworld.jp/stock/7751/news/disclosure/3946866,5 days ago ... 発表者：キヤノン、タイトル：「文化庁と「日本遺産オフィシャルパートナーシップ」を締結 ［キヤノンマーケティングジャパン株式会社］」、本文：「 文化庁と「日本遺産 ...,,"発表者：キヤノン、タイトル：「文化庁と「日本遺産オフィシャルパートナーシップ」を締結 ［キヤノンマーケティングジャパン株式会社］」、本文：「 文化庁と「日本遺産オフィシャルパートナーシップ」を締結 
 2024年9月27日 


キヤノンマーケティングジャパン株式会社   
   PDFダウンロード （PDF形式／0.52Mバイト）    
  


キヤノンマーケティングジャパン株式会社（代表取締役社長：足立正親、以下キヤノンMJ）は、文化庁と「日本遺産オフィシャルパートナーシップ」を締結しました。日本遺産※1の文化・伝統の魅力を国内外へ発信し、魅力ある文化資源への理解促進と地域活性化に貢献します。  
      
都倉俊一文化庁長官とキヤノンMJ常務執行役員 松本裕之         

「日本遺産オフィシャルパートナーシッ」"
95,QUICK Money World,キヤノン,キヤノン(7751) 3Q決算発表 決算スコア：+0.02 - ｜QUICK Money ...,https://moneyworld.jp/news/OZL4239_ainews,4 days ago ... 開示会社：キヤノン(7751) 開示書類：2024年12月期 第3四半期決算短信〔米国基準〕(連結)(監査法人による期中レビューの完了),,dummy exerpt
96,QUICK Money World,キヤノン,キヤノンの開示情報「高解像度を実現する新技術を搭載したカラー ...,https://moneyworld.jp/stock/7751/news/disclosure/3956779,6 days ago ... 発表者：キヤノン、タイトル：「高解像度を実現する新技術を搭載したカラー複合機“imageFORCE C7165F”を発売 － 高品位なチラシやポスターなどの企業内印刷をオフィス機 ...,,"発表者：キヤノン、タイトル：「高解像度を実現する新技術を搭載したカラー複合機“imageFORCE C7165F”を発売 － 高品位なチラシやポスターなどの企業内印刷をオフィス機並みの簡単な操作で実現 ［キヤノン株式会社／キヤノンマーケティングジャパン株式会社］」、本文：「 高解像度を実現する新技術を搭載したカラー複合機“imageFORCE C7165F”を発売
高品位なチラシやポスターなどの企業内印刷をオフィス機並みの簡単な操作で実現 
 2024年10月8日 


キヤノン株式会社
キヤノンマーケティングジャパン株式会社   
   PDFダウンロード （PDF形式／1.35Mバイト）    
  


キヤノンは、複合機の新ブランド“imageFORCE（イメージフォース）”を立ち上げ、カラー複合機“imageFORCE C7165F”を2024年11月中旬に発売します。  
 
imageFORCE C7165F *オプション装着時     
内製印刷」"
97,QUICK Money World,キヤノン,ｷﾔﾉﾝMJ(8060) 3Q決算発表 決算スコア：-1.61 - ｜QUICK Money ...,https://moneyworld.jp/news/OZJ2382_ainews,5 days ago ... 開示会社：ｷﾔﾉﾝMJ(8060) 開示書類：2024年12月期 第3四半期決算短信［日本基準］（連結）（監査法人による期中レビューの完了） 開示日時：2024/10/30 15:00,,dummy exerpt
98,QUICK Money World,キヤノン,キヤノン電子の開示情報「2024年12月期 第3四半期決算短信〔日本 ...,https://moneyworld.jp/stock/7739/news/disclosure/20240927589893,"5 days ago ... キヤノン電子. 最終更新 2024/10/30 15:00 ※20分遅れで更新. 2,423円. +19円 (+0.79%). 【キヤノン向け中心】プリンターを受託生産。自社製品の拡大を推進 ...",,発表者：キヤノン電子、タイトル：「2024年12月期　第3四半期決算短信〔日本基準〕(連結)（公認会計士等による期中レビューの完了）」、本文：「2024年10月30日各位会社名キヤノン電子株式会社代表者名代表取締役会長酒巻久（コード：7739、東証プライム市場）問合せ先取締役経理部長大北浩之（TEL．03－6910－4111）22222000002222244444年12月年12月年12月年12月年12月期期期期期第第第第第３３３３３四半期決算短四半期決算短四半期決算短四半期決算短四半期決算短信信信信信〔〔〔〔〔日本基日本基日本基日本基日本基準準準準準〕〕〕〕〕(((((連結連結連結連結連結)))))（（（（（公認会計士等による期中公認会計士等による期中公認会計士等による期中公認会計士等による期中公認会計士等による期中レビューの完レビ」
99,QUICK Money World,キヤノン,キヤノンマーケティングジャパンの開示情報「2024年12月期,https://moneyworld.jp/stock/8060/news/disclosure/20241028504019,5 days ago ... 2024年12月期 第3四半期決算短信［日本基準］（連結）（監査法人による期中レビューの完了） の開示情報. クリップする. 2024/10/30 15:00 | TDNET | 決算短信.,,発表者：キヤノンマーケティングジャパン、タイトル：「2024年12月期 第3四半期決算短信［日本基準］（連結）（監査法人による期中レビューの完了）」、本文：「2024年10月30日各位会社名キヤノンマーケティングジャパン株式会社代表者名代表取締役社長足立正親(コード番号：8060東証プライム)問合せ先経理部長白根昭宏(ＴＥＬ．03－6719－9074)2024年12月期第３四半期決算短信［日本基準］（連結）（監査法人による期中レビューの完了）当社は、2024年10月23日に「2024年12月期第３四半期決算短信〔日本基準〕（連結）」を開示いたしましたが、四半期連結財務諸表について、監査法人による期中レビューが完了しましたのでお知らせいたします。なお、2024年10月23日に発表した四半期連結財務諸表について変更はありません。以上2024年12月期第」
